"Status","Start Time","Stop Time","Duration in ms","Parent Suite","Suite","Sub Suite","Test Class","Test Method","Name","Description"
"passed","Fri Feb 06 23:26:28 UTC 2026","Fri Feb 06 23:26:29 UTC 2026","904","BSMP Intelligent Testing Suite","BSMP UI Tests","tests.ui.BSMPSmokeTests","tests.ui.BSMPSmokeTests","verifyPredictionGenerated_MultipleCases","verifyPredictionGenerated_MultipleCases","Runs multiple prediction cases with different inputs and validates output"
"passed","Fri Feb 06 23:26:30 UTC 2026","Fri Feb 06 23:26:31 UTC 2026","940","BSMP Intelligent Testing Suite","BSMP UI Tests","tests.ui.BSMPSmokeTests","tests.ui.BSMPSmokeTests","verifyPredictionGenerated_MultipleCases","verifyPredictionGenerated_MultipleCases","Runs multiple prediction cases with different inputs and validates output"
"passed","Fri Feb 06 23:26:19 UTC 2026","Fri Feb 06 23:26:20 UTC 2026","1554","BSMP Intelligent Testing Suite","BSMP UI Tests","tests.ui.BSMPSmokeTests","tests.ui.BSMPSmokeTests","verifyPredictionGenerated_MultipleCases","verifyPredictionGenerated_MultipleCases","Runs multiple prediction cases with different inputs and validates output"
"passed","Fri Feb 06 23:26:31 UTC 2026","Fri Feb 06 23:26:31 UTC 2026","0","","","","","","ðŸš¦ Release Decision",""
"passed","Fri Feb 06 23:26:14 UTC 2026","Fri Feb 06 23:26:14 UTC 2026","62","BSMP Intelligent Testing Suite","BSMP UI Tests","tests.ui.BSMPSmokeTests","tests.ui.BSMPSmokeTests","verifyHomePageLoads","verifyHomePageLoads",""
"passed","Fri Feb 06 23:26:22 UTC 2026","Fri Feb 06 23:26:23 UTC 2026","1463","BSMP Intelligent Testing Suite","BSMP UI Tests","tests.ui.BSMPSmokeTests","tests.ui.BSMPSmokeTests","verifyPredictionGenerated_MultipleCases","verifyPredictionGenerated_MultipleCases","Runs multiple prediction cases with different inputs and validates output"
"passed","Fri Feb 06 23:26:15 UTC 2026","Fri Feb 06 23:26:17 UTC 2026","2174","BSMP Intelligent Testing Suite","BSMP UI Tests","tests.ui.BSMPSmokeTests","tests.ui.BSMPSmokeTests","verifyPredictionGenerated_MultipleCases","verifyPredictionGenerated_MultipleCases","Runs multiple prediction cases with different inputs and validates output"
"passed","Fri Feb 06 23:26:21 UTC 2026","Fri Feb 06 23:26:22 UTC 2026","937","BSMP Intelligent Testing Suite","BSMP UI Tests","tests.ui.BSMPSmokeTests","tests.ui.BSMPSmokeTests","verifyPredictionGenerated_MultipleCases","verifyPredictionGenerated_MultipleCases","Runs multiple prediction cases with different inputs and validates output"
"passed","Fri Feb 06 23:26:25 UTC 2026","Fri Feb 06 23:26:27 UTC 2026","1463","BSMP Intelligent Testing Suite","BSMP UI Tests","tests.ui.BSMPSmokeTests","tests.ui.BSMPSmokeTests","verifyPredictionGenerated_MultipleCases","verifyPredictionGenerated_MultipleCases","Runs multiple prediction cases with different inputs and validates output"
"passed","Fri Feb 06 23:26:24 UTC 2026","Fri Feb 06 23:26:25 UTC 2026","953","BSMP Intelligent Testing Suite","BSMP UI Tests","tests.ui.BSMPSmokeTests","tests.ui.BSMPSmokeTests","verifyPredictionGenerated_MultipleCases","verifyPredictionGenerated_MultipleCases","Runs multiple prediction cases with different inputs and validates output"
"passed","Fri Feb 06 23:26:17 UTC 2026","Fri Feb 06 23:26:18 UTC 2026","989","BSMP Intelligent Testing Suite","BSMP UI Tests","tests.ui.BSMPSmokeTests","tests.ui.BSMPSmokeTests","verifyPredictionGenerated_MultipleCases","verifyPredictionGenerated_MultipleCases","Runs multiple prediction cases with different inputs and validates output"
"passed","Fri Feb 06 23:26:27 UTC 2026","Fri Feb 06 23:26:28 UTC 2026","979","BSMP Intelligent Testing Suite","BSMP UI Tests","tests.ui.BSMPSmokeTests","tests.ui.BSMPSmokeTests","verifyPredictionGenerated_MultipleCases","verifyPredictionGenerated_MultipleCases","Runs multiple prediction cases with different inputs and validates output"
